symbol,price,adr,runup,base_depth,ext10,dvolM,trend200
LRCX,329.36,3.52,40.6,15.1,0.3,116.9,yes
NOW,137.89,3.56,54.6,10.1,1.9,60.5,yes
MH,13.1,3.64,57.2,13.9,1.4,0.5,yes
GME,24.59,3.68,44.8,10.6,0.7,10.9,yes
CEVA,35.5,3.69,46.6,12.7,-0.4,1.0,yes
RNG,76.54,3.86,120.3,11.0,-0.7,6.5,yes
TER,411.87,3.89,52.0,16.7,-0.6,36.4,yes
ERO,36.73,3.98,65.6,9.4,-1.5,2.6,yes
BALY,13.78,4.07,68.9,13.9,-0.8,0.1,yes
RSKD,8.05,4.11,65.6,12.5,2.7,1.4,yes
FORM,139.72,4.13,83.1,17.9,-0.3,10.5,yes
COHU,70.77,4.14,92.9,17.6,2.2,3.0,yes
GDDY,97.24,4.19,47.8,16.6,0.2,13.7,yes
HPQ,32.23,4.27,41.2,6.8,2.2,33.4,yes
PRGO,14.56,4.3,59.0,11.3,-0.4,2.5,yes
ZH,3.48,4.31,56.7,17.3,-2.7,0.2,yes
MRAM,17.26,4.51,52.9,16.3,-5.3,0.5,yes
ZS,213.62,4.53,55.4,12.8,5.3,27.2,yes
IOT,40.48,4.59,40.3,17.5,1.9,12.1,yes
CLS,371.75,4.68,43.6,11.2,-0.2,41.8,yes
FIRY,11.84,4.81,74.0,11.5,-4.8,0.1,yes
TKNO,8.7,4.92,96.5,11.5,-3.4,0.2,yes
ARM,294.31,4.92,53.1,14.3,-1.3,61.0,yes
KMTS,26.5,4.94,43.3,14.1,-3.4,0.5,yes
LTRX,7.22,5.1,52.9,16.8,1.3,0.5,yes
SVCO,8.41,5.2,55.6,18.4,-2.6,0.2,yes
SMTC,193.81,5.29,95.6,19.4,4.5,28.6,yes
SG,9.17,5.33,87.3,17.5,4.7,3.7,yes
VIAV,46.29,5.34,53.8,26.9,6.2,11.0,yes
SLE,4.77,5.5,161.1,22.7,-8.2,0.0,yes
VICR,282.56,5.74,90.2,19.0,-3.6,11.2,yes
XERS,10.13,6.01,60.2,24.1,5.4,1.8,yes
BE,291.23,6.06,91.9,16.8,3.0,105.6,yes
ASAN,9.32,6.14,48.8,16.8,5.0,4.8,yes
EDRY,56.08,6.25,186.3,25.5,4.4,0.2,yes
SMMT,17.95,6.27,57.9,20.3,7.7,7.9,yes
ARQQ,22.61,6.28,60.8,12.3,-5.2,0.2,yes
RPD,12.5,6.29,52.4,14.6,2.9,0.9,yes
ABCL,12.83,6.31,201.2,21.5,-5.7,4.0,yes
INOD,63.45,6.49,44.4,16.8,-6.5,3.6,yes
IOVA,12.92,7.07,306.4,33.6,-1.0,11.4,yes
BAND,57.34,7.23,87.7,13.9,-6.7,2.5,yes
